,status_id,user_id,created_at,screen_name,text,source,reply_to_status_id,reply_to_user_id,reply_to_screen_name,is_quote,is_retweet,favourites_count,retweet_count,country_code,place_full_name,place_type,followers_count,friends_count,account_lang,account_created_at,verified,lang
0,1238948519542546433,576249121,2020-03-14T22:02:00Z,beINSPORTS_EN,"#Mendy in the clear üôå #beINPL #PL #COVID19
https://t.co/JiH3DQAjGx",TweetDeck,,,,False,False,4859,8,,,,1134866,206,,2012-05-10T13:45:16Z,True,en
1,1238829990386348032,768097184549965824,2020-03-14T14:11:00Z,Bfragrancefree,"Since we don't know who has #CoronaVirus, everyone should wear a mask in public.
Sign up to #VoteByMail. Our Future depends on Common Sense.
Low voter turnout Elections (like 2016) have serious consequences.
#FreeFairElections #FlipTheSenateDemocratic Elect @JoeBiden",Twitter for Android,,,,False,False,78955,0,,,,1551,2956,,2016-08-23T14:46:54Z,False,en
2,1238788522628300805,23246732,2020-03-14T11:26:14Z,mattwilson169,3pm today... #coronavirus https://t.co/ZxIvhjGhUQ,Twitter for iPhone,,,,False,False,2417,0,,,,155,283,,2009-03-07T23:11:40Z,False,en
3,1238796437523177472,20377430,2020-03-14T11:57:41Z,Hollz2012,I‚Äôm hoping to attend the #outlander conference at Glasgow Uni in June but right now that seems in the balance as does my main basis for my own dissertation. I‚Äôll need to improvise to mitigate for everything going on. #COVID19,Twitter for iPhone,1.2387964348850217e+18,20377430.0,Hollz2012,False,False,26630,0,,,,2026,1252,,2009-02-08T17:03:39Z,False,en
4,1238793015247777793,1866363362,2020-03-14T11:44:05Z,lemuriankaryn,So apparently both Trump and Scott Morrison are refusing to be tested for #Covid_19 despite being in contact with people who have tested positive and if that doesn't just say absolutely everything about them... #auspol #politics,Twitter Web App,,,,False,False,26291,0,,,,3185,2324,,2013-09-15T05:38:57Z,False,en
5,1238791886036500480,506154028,2020-03-14T11:39:35Z,sharryscotland,2013 #Trump below. Now he‚Äôs in charge he says ‚ÄúI don‚Äôt take responsibility at all‚Äù. #America you have a Charlatan in charge. During a time of crisis. #coronapocalypse #COVID„Éº19 #COVID19 #CoronaVirusUpdates #QuarantineAndChill #CoronaOutbreak #coronavirus https://t.co/AC5Q518dVT,Twitter for iPhone,,,,True,False,64664,0,GB,"Glasgow, Scotland",city,1538,3331,,2012-02-27T17:37:06Z,False,en
6,1238749645574193152,156190603,2020-03-14T08:51:45Z,redcatandnipper,"@solange_lebourg @jonworth my understanding is that there is growing support for the hypothesis that #Covid_19 has a climatic Goldilocks zone.

Looking at the UK we have been outside that zone but will be entering it at some time.",Twitter Web App,1.2387455134590976e+18,2527814234.0,solange_lebourg,False,False,2456,1,,,,358,303,,2010-06-16T07:24:38Z,False,en
7,1238966366729879560,1000401965099175936,2020-03-14T23:12:55Z,p_e_r_t_u_r_b,"@ResisterSis20 Twitter #COVID19
Do your thing
WHO IS SHE https://t.co/lDLowmaNtR",Twitter Web App,1.2389646211277005e+18,328756439.0,ResisterSis20,False,False,19663,1,,,,1224,2561,,2018-05-26T15:43:09Z,False,en
8,1238812733425856514,892069501394722816,2020-03-14T13:02:26Z,ShibbuKumar16,"#CoronaVirusUpdates
Today, millions of people are getting healthy by taking sermon from Saint Rampal Ji Maharaj. Their  incurable diseases like cancer, AIDS etc. were also cured without any expense.
So, this Coronavirus #COVID19 disease is nothing for God.
https://t.co/r33lidvtEP",Twitter for Android,,,,False,False,34984,2,,,,7657,16,,2017-07-31T17:08:37Z,False,en
9,1238783595252027392,1150652994213437440,2020-03-14T11:06:39Z,PeekandTweet90,"This is really touching, from a country under lockdown for indefinite days with more than 1000s perished, the morals are not yet vanished.

People singing patriotic song from there homes together.
#COVID19
#CoronaVirusUpdates

https://t.co/3coDUaVYZt",Twitter for Android,,,,False,False,9674,0,,,,88,192,,2019-07-15T06:27:06Z,False,en
10,1238970082694479872,171656520,2020-03-14T23:27:41Z,ninatypewriter,"#Coronavirus #COVID19 ANOTHER SHAMEFUL US UPDATE
Follow my lists for news:
HEALTH https://t.co/KALLwq0C2L
SCIENCE REPORTING https://t.co/5ZoOf1bXEq
DC https://t.co/7iYmgdC1gL
NY https://t.co/XRWlBh4VMz
#SARSCoV2 #COVID_19 https://t.co/JYLkxxO6n0",Twitter Web App,,,,True,False,10686,0,,,,10768,4454,,2010-07-27T21:29:33Z,False,en
11,1238665161956876289,1206564931535081472,2020-03-14T03:16:02Z,highernirvana,"Saudi Arabia ban ALL International commercial flights starting Sunday for 2 weeks. 
#Covid_19 
#COVID19 https://t.co/pw7masgX4a",Twitter for iPhone,,,,True,False,140,0,,,,572,31,,2019-12-16T13:21:25Z,False,en
12,1238804499071774722,1228528500912480257,2020-03-14T12:29:43Z,NARNESR,"There is no need to fear about the corona virus. The state government has taken all kinds of safety measures.Let us prevent Corona virus by following these precautions.
#coronavirus 
@GandhiArekapudi @trspartyonline @KTRTRS @im_kcr https://t.co/ItXZRwMO1f",Twitter for Android,,,,False,False,48,0,,,,74,41,,2020-02-15T03:56:52Z,False,en
13,1238794634442260481,949400355506413570,2020-03-14T11:50:31Z,Alessan24583061,"As of today, ~32,000 #COVID2019 #coronavirus tests done in the #uk #NHS and ~97,000 in #Italy... How many should die before #UKGoverment will seriously tackle the issue?",Twitter for Android,,,,False,False,376,0,,,,128,277,,2018-01-05T22:00:58Z,False,en
14,1238637732391313408,223331992,2020-03-14T01:27:02Z,netta_doc,"Our patients who do #Telehealth LOVE it. They say it‚Äôs just like being in clinic but waaaay better: 
‚û°Ô∏è no sitting for hours in LA traffic &amp; no waiting in the waiting room.

Now it also allows them a safer environment to get care by ‚¨áÔ∏è exposure to #COVID19 https://t.co/JpeHlgMRCf",Twitter for iPhone,,,,True,False,15822,1,,,,4012,570,,2010-12-06T02:35:28Z,False,en
15,1238684127945052160,1214343655315558400,2020-03-14T04:31:24Z,batsbatsbatsX,"Please watch this really quick, at least keep this in mind right now, while things are tense and everything is up in the air... 

#CoronavirusPandemic #NationalEmergency #tiktok #coronavirus https://t.co/VgUQmb66Hf",Twitter for iPhone,,,,False,False,1429,0,,,,6,37,,2020-01-07T00:31:14Z,False,en
16,1238869493977427968,371187540,2020-03-14T16:47:59Z,roisinmcdonagh_,"So I guess we're all getting fat together these next few weeks!

#coronapocalypse #wereinthistogether #letsgetfattogether #Coronavirusireland #COVID19 #covidireland #COVIDIre #Covid_19ireland #COVID19ireland",Twitter for Android,,,,False,False,1793,0,,,,285,270,,2011-09-10T10:57:00Z,False,en
17,1238642381538201601,63085787,2020-03-14T01:45:31Z,TrentWPS,"If as an employee I would be asked to self isolate if I had contact with someone who contracted #COVID19 why are government ministers not leading by example. It's irresponsible.

#auspol #qanda #CoronaOutbreak #COVID19Aus",Twitter for Android,,,,False,False,7194,0,AU,"Sydney, New South Wales",city,1243,2148,,2009-08-05T09:32:01Z,False,en
18,1238783191437258752,99328941,2020-03-14T11:05:02Z,GiovannyLeon,"Finally, Some #GoodNews: Warm Weather Shown to Slow #Coronavirus Spread https://t.co/gTqsEGbfSD",Hootsuite Inc.,,,,False,False,1750,0,,,,1429,475,,2009-12-25T17:40:01Z,False,en
19,1238817925647212544,460162528,2020-03-14T13:23:04Z,kl_rodger,"Booked my holiday to Majorca last year. Since then, flights had to be rebooked because Thomas Cook folded and now #coronavirus could cancel the whole thing altogether. ü§∑ https://t.co/Cgd7o9x6Mk",Twitter for Android,,,,False,False,977,0,,,,133,329,,2012-01-10T13:13:39Z,False,en
20,1238809287436230656,48038539,2020-03-14T12:48:44Z,ahmadalissa,"#Syria üá∏üáæ: For the first time, the Syrian people are unanimously pleased and satisfied with the anti-#coronavirus procedures taken by the government. People feel that the government really cares for them and worries about them.",Twitter for Android,,,,False,False,2119,12,,,,9788,256,,2009-06-17T17:26:15Z,False,en
21,1238866764915781632,2490675188,2020-03-14T16:37:08Z,IRVTheater,"The power of music is a beautiful thing. #Italy #Singing #CoronavirusPandemic 

https://t.co/Nih4Qinral",Twitter for iPhone,,,,False,False,622,0,,,,671,504,,2014-05-12T02:16:13Z,False,en
22,1238653954872840192,581624998,2020-03-14T02:31:30Z,WhistonChris,"You have to admit, #Trump is using &amp; working the evangelical loonies beautifully. #Covid19 https://t.co/ahIaZmkVZ6",Twitter for iPad,,,,True,False,47768,0,,,,753,624,,2012-05-16T07:48:57Z,False,en
23,1238862488147496960,1212484790043070464,2020-03-14T16:20:08Z,t_jxde,"It‚Äôs funny how Hand Sanitisers are seen as the ‚ÄúHoly Grail‚Äù &amp; now there‚Äôs none in any stores. What have ya‚Äôll been using all these years when soap runs out in public places eh?üòí 

Why does it take the Coronavirus to up your hygiene game? ü§Æ

#coronavirus #COVID„Éº19",Twitter for iPhone,,,,False,False,210,0,,,,24,88,,2020-01-01T21:24:45Z,False,en
24,1238616777313013762,259960186,2020-03-14T00:03:46Z,robynalyswalton,Trump is being tested for #COVID19 https://t.co/Zg7SsZDeE2,Twitter for Android,,,,True,False,10291,0,,,,129,557,,2011-03-02T23:10:41Z,False,en
25,1238971779013660673,1104527216333996032,2020-03-14T23:34:25Z,GorettiDunlop,"@SimonHarrisTD If people haven‚Äôt the sense to avoid busy pubs, then there needs to be a formal lock down... and that‚Äôs where you need to do your job #CloseThePubs #COVID19",Twitter for iPhone,1.2389295727013847e+18,21117425.0,SimonHarrisTD,False,False,315,0,,,,47,143,,2019-03-09T23:39:44Z,False,en
26,1238844352169984000,276533676,2020-03-14T15:08:04Z,ismiseliam,Wow. Fairly forthright from the former NI Education Minister. #coronavirus https://t.co/WoSq01x7La,Twitter for Android,,,,True,False,20021,0,,,,889,2534,,2011-04-03T15:15:38Z,False,en
27,1238909187415068673,18600689,2020-03-14T19:25:42Z,opsahle,"Update 14th March.
Tendency to slowing growth in several figures, as countries implement more restrictive testing approach. Gives potential for more undetected cases. 
Estimated doubling time Norway: 2,2 days. 
Italia continues slower exponential growth.
#COVID19 #covid19Norway https://t.co/r3xukdnBNX",Twitter Web App,1.2389078261453005e+18,18600689.0,opsahle,False,False,3690,3,,,,706,432,,2009-01-04T11:47:58Z,False,en
28,1238863683117289472,374840748,2020-03-14T16:24:53Z,SuiteLadyOro,"I survived being raised by, working with and dating Cancer men. #TheRona gonna have to try harder to scare me. #Coronavirus",Twitter for Android,,,,False,False,16179,0,,,,4109,354,,2011-09-17T01:51:03Z,False,en
29,1238781365535092739,1231582939131105285,2020-03-14T10:57:47Z,Julia78219297,"this is true spirit
#coronavirus https://t.co/mvt5WyeFJj",Twitter Web App,,,,False,False,20,0,,,,2,28,,2020-02-23T14:14:04Z,False,en
30,1238950769698779137,61403483,2020-03-14T22:10:56Z,dancingstrheart,Are there recipes available for making own hand sanitizer whether in a gel or spray? Hoping to share w/ #disabled #bedbound patients since they are unable to get to sink for frequent hand washing. #COVID19 #PwME #MyalgicEncephalomyelitis,Twitter for iPhone,,,,False,False,4618,0,,,,387,798,,2009-07-30T05:41:19Z,False,en
31,1238831250904764418,1230420505896701952,2020-03-14T14:16:01Z,mackcarter93,"Anti vaxxers whats ur opinion on vaccine for coronavirus just curious haven‚Äôt heard much from u lately ü§£

#coronavirus #antivaxxers",Twitter for iPhone,,,,False,False,194,0,,,,119,396,,2020-02-20T09:14:54Z,False,en
32,1238764202543558656,1029964129488883712,2020-03-14T09:49:35Z,Queen_Larios,"! IMPORTANT MESSAGE !

Ok, I don't know if you are aware of this but there is a trick I fell for that is currently making the rounds on social media teaching people how to ""self diagnose"" to potentially ""detect"" #coronavirus.",Twitter Web App,,,,False,False,8517,0,,,,337,941,,2018-08-16T05:32:39Z,False,en
33,1238845417963438085,72711901,2020-03-14T15:12:18Z,mjfebus,"Our mini assembly gathering. 3-2020
#LoveBuildsUp #covid19 @ Chicago, Illinois https://t.co/q6KSSIgNu2",Instagram,,,,False,False,6095,0,US,"Chicago, IL",city,296,3708,,2009-09-09T00:16:11Z,False,en
34,1238781499098439680,916475899855491072,2020-03-14T10:58:19Z,BSingleinStyle,"WARNING Blog Swap! For the next few weeks I'm switching back to my old ways. PreDating my old blog was about positive parenting from your sofa. Lessons included 'how to make a crisp sandwich' and getting the kids to do your Housework. Watch this space!
#coronavirus #lockdown https://t.co/Ex251Ibno9",Twitter for Android,,,,False,False,13114,0,,,,10685,10462,,2017-10-07T01:30:56Z,False,en
35,1238672524805890048,1229617768187793408,2020-03-14T03:45:17Z,cmlovesscience,Don‚Äôt want this to get buried in all the #Covid_19 news today. This super important ACLU of LA came out today! üåàüåà https://t.co/jNVMoWmx0z,Twitter for iPhone,,,,False,False,20,0,,,,31,238,,2020-02-18T04:05:06Z,False,en
36,1238839517215428609,872486738,2020-03-14T14:48:52Z,BellucciCarmine,"Saturday over-shopping

#carminebellucci #illustration_daily #illustration #drawing #people #coronav√≠rus #sketch #sketchbook #modernart #gallery https://t.co/ZYwxd8qIsE",Instagram,,,,False,False,54,0,,,,29,75,,2012-10-10T20:53:50Z,False,en
37,1238632228185309185,1138924090348244992,2020-03-14T01:05:10Z,CranfieldA,"American Airlines Share during  MArch 2020 
#aviation #AmericanAirlines #Covid_19  #TravelBan https://t.co/eQLTYu0VQR",Twitter Web App,,,,False,False,84,0,,,,142,993,,2019-06-12T21:40:38Z,False,en
38,1238659223002677249,2208623838,2020-03-14T02:52:26Z,guyandsuch,"@realDonaldTrump in 2016: ""I alone can fix it.""

@realDonaldTrump in 2020: ""I don't know what's going on. It's the administration!""

#COVID19 
#IDontTakeResponsibilityAtAll",Twitter for Android,,25073877.0,realDonaldTrump,False,False,212,0,,,,84,562,,2013-11-22T08:53:48Z,False,en
39,1238630871617417216,2377936150,2020-03-14T00:59:47Z,Lopez85Merilyn,Another Lie from Trump! Again playing  with people‚Äôs  lives! #coronapocalypse #coronavirus #CoronavirusPandemic #VoteTrumpOut #NationalEmergency #CoronaOutbreak https://t.co/l4XJ3TZLXE,Twitter for iPad,,,,True,False,8441,1,,,,1153,1660,,2014-03-03T03:19:51Z,False,en
40,1238777080608940032,986688794412929024,2020-03-14T10:40:46Z,GeorgeGatimu21,"@citizentvkenya With a strong immunity, you have better chances at fighting off coronavirus. Use C24/7 supplements to boost your immunity and stand a chance against corona infection. 
#coronaviruskenya #CoronaAlert #Covid_19 #CoronaVirusUpdates #Coronvirus #covid19kenya #coronaInkenya https://t.co/qbVLEEsFy3",Twitter for Android,1.2383686703820104e+18,70394965.0,citizentvkenya,False,False,151,0,KE,"Nairobi, Kenya",city,168,586,,2018-04-18T19:31:55Z,False,en
41,1238850560712990720,880201859838996480,2020-03-14T15:32:45Z,BerryLefthand,"Congratulation to @MaxSchachmann and @BORAhansgrohe for winning #ParisNice20 üöµ‚Äç‚ôÇÔ∏èüö¥‚Äç‚ôÄÔ∏èüëåüëèüëè
I love‚ù§cycling:
https://t.co/vA6hdXbtj1
The last race for a while, hopefully #COVID„Éº19 will soon be overü§û 
@ParisNice #yellowjersey #cycling #roadbike #ParisNice #coronavirus
#BORAhansgrohe",Twitter for Android,,,,False,False,1310,0,,,,32,203,,2017-06-28T23:10:51Z,False,en
42,1238629231430488069,298202074,2020-03-14T00:53:16Z,aimee_emery,"@piersmorgan something that might be of interest to you, regarding a recent interview I did regarding 'The Vulnerable' with the BBC, news at six and ten, thurs it was aired. Give it a read. #coronavirus #thevulnerable #MultipleSclerosis #Covid_19 https://t.co/tv2oplZa2T",Twitter for Android,,216299334.0,piersmorgan,False,False,5727,3,,,,449,726,,2011-05-13T22:10:06Z,False,en
43,1238866025183096832,4913320595,2020-03-14T16:34:12Z,Only_rock_radio,If #CoronavirusPandemic forces you to stay home listen on rotation on https://t.co/PZqZAxv5zf If Only by Jake Dollery @beertrolls enjoy https://t.co/tmYHgdAL43 fight #covid_19 https://t.co/QqjYNnJN0y,tiorradio1 publisher,,,,False,False,88591,0,,,,29094,19025,,2016-02-15T12:09:37Z,False,en
44,1238847814337277953,20016200,2020-03-14T15:21:50Z,celticgal74,#Coronavirus: Confirmed Scottish cases rise to 121 https://t.co/grz3gABs8M,Twitter for iPhone,,,,False,False,50610,2,GB,"Glasgow, Scotland",city,1816,4154,,2009-02-04T00:17:35Z,False,en
45,1238621622422167552,249661403,2020-03-14T00:23:01Z,cpmotts,I tried to do an online class in college and when the professor made us go ‚Äòlive‚Äô everyone pretended their internet went down. Bet that wouldn‚Äôt work now. #CoronavirusPandemic,Twitter for iPhone,,,,False,False,4290,0,,,,134,110,,2011-02-09T14:32:53Z,False,en
46,1238873804820144131,336908716,2020-03-14T17:05:06Z,heatherahannon,Thank you for pointing this out.  I started adopting #ScrubsoverSuits  this week.  Great tool to reduce risk to all during #COVID19 üëè https://t.co/ltP4jM5270,Twitter for iPhone,,,,True,False,10101,0,US,"Virginia, USA",admin,536,580,,2011-07-17T03:45:09Z,False,en
47,1238882018211123200,2251603951,2020-03-14T17:37:45Z,DavidAranovich,"‚Äú2-PLY‚Äù! Motha-$uckers!!! #boss #toiletpapersubstitutes
.
.
.
#coronavirus #corona #coronacomedy #coronavirusjokes #toiletpaper https://t.co/2ACFT9HiN5",Instagram,,,,False,False,362,0,,,,189,157,,2013-12-18T07:36:37Z,False,en
48,1238923280570109953,44498699,2020-03-14T20:21:42Z,CollegeDemsTX,"Take serious precautions around #COVID19
- Wash your hands for at least 20 seconds
- Be mindful of the surfaces you're in contact with
- Know the symptoms and get information from a reliable source like the CDC
https://t.co/se2fOXvVJt",Twitter for Android,1.238923209388458e+18,44498699.0,CollegeDemsTX,False,False,2391,2,,,,6085,420,,2009-06-04T00:19:14Z,True,en
49,1238814961536827393,35849604,2020-03-14T13:11:17Z,paulguynj,@NYGovCuomo It's a disgrace that you're not stepping up more frequent service to keep trains as least crowded as possible. Even on weekends you should be running trains every 5 minutes or less during the daytime. You aren't helping the situation and making it worse. #MTA #COVID19,Twitter for Android,,232268199.0,NYGovCuomo,False,False,2958,0,US,"Manhattan, NY",city,656,652,,2009-04-27T20:25:42Z,False,en
50,1238623087039590411,88293767,2020-03-14T00:28:51Z,Madpassim,"Spot on. And, it won't work anyway, the flu changes every year so why wouldn't #Covid19? #herdimmunity is eugenics in practice driven by ideologues and fools https://t.co/Uk6VVogO9j",Twitter Web App,,,,True,False,2964,0,,,,2357,2454,,2009-11-07T23:03:40Z,False,en
51,1238805941845397504,242551368,2020-03-14T12:35:27Z,fecknvoters,"@drbambrick @RadioBrendanRTE Union's are not covering themselves in glory over #Covid19.  Unions have discouraged/banned members contacting each other via online union fora.  Joining &amp; leaving appears to be chaos, as are IT systems.  NGOs are better than unions at it!
@pb4p even had a public meeting on this",Twitter Web App,1.2387972431063286e+18,3260027218.0,drbambrick,False,False,13823,0,,,,954,2718,,2011-01-25T01:37:05Z,False,en
52,1238966616303349760,118426648,2020-03-14T23:13:54Z,SusanRoss2347,"SIGN @MOMSRISING'S LETTER to your U.S. Senators urging them to take immediate action to pass legislation that protects our healthcare, nutrition, workforce, and economy during the #COVID19 pandemic. #coronavirus https://t.co/hPrtWb4e0y",Twitter Web App,,,,False,False,4,0,,,,16,61,,2010-02-28T17:14:14Z,False,en
53,1238639988436275201,143149375,2020-03-14T01:36:00Z,CAPCpalliative,CAPC Statement on #COV-19 from @DianeEMeier &gt;&gt; https://t.co/XyTajzmBd4 #hpm #hapc #palliative #COVID19,Sprout Social,,,,False,False,6087,0,,,,16008,1027,,2010-05-12T18:35:21Z,False,en
54,1238859194545123329,542968850,2020-03-14T16:07:03Z,cincygreghoodin,"@BCB_Sara #WeDidntStartTheFire #coronavirus 
Trumps a fool
Closed the schools
No NCAA tourney pools
Quarantined 
Want to scream
Can‚Äôt even watch my team 
Wash your hands
Change you plans 
how much more can we stand ....",Twitter for iPhone,1.2386225614932296e+18,78725208.0,BCB_Sara,False,False,147644,0,,,,2285,4447,,2012-04-02T00:28:38Z,False,en
55,1238849120321916929,1216785325,2020-03-14T15:27:01Z,savvy_trvlr,@CDCgov Is the science community close to creating an anti-viral prescription with minimal side effects to combat Covid-19 for those diagnosed? #CDC #ScienceCommunity #PrayForATreatmentSoon #CreateAnAntiViralPrescription #CoronaVirus,Twitter for iPhone,1.2386014022948618e+18,146569971.0,CDCgov,False,False,2346,0,,,,33,195,,2013-02-24T23:15:07Z,False,en
56,1238884215913152512,1118187189689622528,2020-03-14T17:46:29Z,Time_Sentinel,@Lincoln1710 Exactly! #COVID„Éº19 #coronavirus https://t.co/BYwd1VZHqs,Twitter for Android,1.238882337661821e+18,1.1609990984698143e+18,Lincoln1710,False,False,34155,1,,,,826,1157,,2019-04-16T16:19:35Z,False,en
57,1238861776487407617,288517840,2020-03-14T16:17:19Z,Argle_Bargle87,"Looks like Mexico is willing to pay for Trump‚Äôs wall now!
#coronavirus",Twitter for iPhone,,,,False,False,3606,0,,,,546,2175,,2011-04-27T00:28:21Z,False,en
58,1238727380476125184,1238365260815290368,2020-03-14T07:23:16Z,Terex93556797,"@mukeshsharda Random sample experience won't work.
Inorder to avoid stage 3 we must start testing at least 2 level infection. A beam search strategy with pruning will probabilistically maximize the reach. 
#covid19 #beamsearch #samples  #kits #random",Twitter Web App,1.2387200521420186e+18,262654310.0,mukeshsharda,False,False,94,0,,,,0,7,,2020-03-13T07:24:27Z,False,en
59,1238839568654159873,20148973,2020-03-14T14:49:04Z,LanguageLog,"COVID-19 response?: Still ahead of their time #YesMinister #Covid_19 https://t.co/olV2OVSbQ6 ‚Äî Christopher H. Logue (@thevirologist) March 12, 2020 https://t.co/bzjKourFJV",dlvr.it,,,,False,False,0,3,,,,45816,406,,2009-02-05T13:48:42Z,False,en
60,1238873123270922242,66171696,2020-03-14T17:02:24Z,Mistress_Jan,"listening to everyone at the podium praise trump's response makes me want to vomit...nothing of the sort is true...they've all made this situation so much worse and nothing they say can change that.

#COVID19",Twitter Web App,,,,False,False,38334,0,,,,9951,9521,,2009-08-16T19:11:58Z,False,en
61,1238776948295229440,946672243534450689,2020-03-14T10:40:14Z,tgcampusIN,"With 83 positive cases in India, Coronavirus (and COVID-19, the disease it causes) is spreading rapidly in the country.

Here's what you need to know to protect yourself right now.

#CoronaVirus #COVID19 #StayAlertStaySafe #TGCampus #SaturdayVibes #SaturdayMorning https://t.co/fepsyfLW4V",Twitter for Android,,,,False,False,249,0,,,,781,399,,2017-12-29T09:20:25Z,False,en
62,1238812844675731463,1270238612,2020-03-14T13:02:52Z,LawrenceGostin,"Key facts #FamiliesFirstCoronavirusResponseAct:

‚òÖ Benefit programs (WIC), home meals
‚òÖFood stamps (kids meals as schools close)
‚òÖSick leave for #Covid_19 patients or in #Quarantine 
‚òÖUnemploy ins
‚òÖHealth plans cover testing
‚òÖ&gt; Fed share of Medicaid costs 

‚òÖWin for Equity",Twitter Web App,,,,False,False,421,4,,,,6910,765,,2013-03-15T17:17:11Z,False,en
63,1238834779556130816,1060957132521058304,2020-03-14T14:30:02Z,AsianNewsHub,"‚ñà‚ñì‚ñí‚ñëAsiannewshub ¬Æ‚ñë‚ñí‚ñì‚ñà

Signs &amp; symptoms of #COVID19 üò∑:
 
üí® Dry cough 
üå° Fever
üò´Aches &amp; Pains
üó£ Shortness of breath

NOT 
‚ùå Runny nose
‚ùå Sneezing
‚ùå Itchy eyes

ü§ß Know the difference between #coronavirus and the flu, common cold, &amp; seasonal allergies.",Twitter for Android,,,,False,False,70,4,,,,528,0,,2018-11-09T18:07:46Z,False,en
64,1238662807559815169,516695769,2020-03-14T03:06:41Z,nccop_,Please remain home on this Sunday! We want to assure you that your health and safety are important and we have been and will continue to monitor the situations any new developments concerning #Coronavirus (#COVID19). https://t.co/iX0zMQl3OZ,Twitter for iPhone,,,,False,False,4,0,,,,91,88,,2012-03-06T17:16:58Z,False,en
65,1238880197975384064,1201947974693249024,2020-03-14T17:30:31Z,nelatheljudov,Do y'all have online school bc of corona virus? I do but my teachers explained NOTHING to us abt online classes so i'm kinda lost lol #coronavirus #covid19,Twitter for Android,,,,False,False,667,0,,,,48,82,,2019-12-03T19:35:14Z,False,en
66,1238947098218897408,23821728,2020-03-14T21:56:21Z,RonRuggless,üçø @studiomoviegril is reducing seating capacity at its theaters to 150 max to accommodate social distancing in the #Coronavirus/ #Covid19 pandemic. Statement üëá https://t.co/j5rAH1kgtJ,Twitter for iPad,,,,False,False,13405,0,US,"Dallas, TX",city,19312,6908,,2009-03-11T20:19:21Z,False,en
67,1238810637469241346,1235497743373586433,2020-03-14T12:54:06Z,BharatUday8,@Reuters Muslim Imam says applying essential oil to anus cures #coronavirus https://t.co/2GQUWmSKIh,Twitter for iPhone,1.238778239704879e+18,1652541.0,Reuters,False,False,102,0,,,,2,147,,2020-03-05T09:30:07Z,False,en
68,1238617209728978944,1199122968313384961,2020-03-14T00:05:29Z,SupaHerooo,It's nuts here in LA. A whole lot of shelves in grocery stores are empty. Absolute madness #panickbuying #coronavirus #Covid_19 #bruh #redditmoment #ALadyGaveMeANastyLookWhileIWasTakingACart,Twitter for Android,,,,False,False,4,0,,,,9,34,,2019-11-26T00:29:36Z,False,en
69,1238896363636654080,1232734583306817536,2020-03-14T18:34:45Z,I_hate_DoFs,Taking lessons on how to complete transfers quicker in this enforced break due to #coronavirus ... I don't need a DoF. I can manage it on my own #bestCEO #mufc,Twitter for Android,,,,False,False,21,0,,,,16,67,,2020-02-26T18:30:18Z,False,en
70,1238778373490372608,501725961,2020-03-14T10:45:54Z,Robaa82,"#EPL suspended , #CoronaVirus is here,, Slayqueen mjipange .. You are on compulsory leave for 2 Months üòÇüòÇ",Twitter Web App,,,,False,False,36934,0,,,,12231,10695,,2012-02-24T12:23:15Z,False,en
71,1238901024871481344,1159185920391651329,2020-03-14T18:53:16Z,EXSECULARMOHIT,"@DrSJaishankar Help Help
Sir my brother Manish kumar pandey was studying MBBS (3rd year) in New vision college Tblisi,Goergia unforunately he is no more on 13th morning.Sir please help us to recover the body as soon as possible. As all flights cancelled due to #COVID19 https://t.co/X74TcPGtIU",Twitter for Android,,8.593638992917422e+17,DrSJaishankar,False,False,11568,7,,,,159,203,,2019-08-07T19:33:54Z,False,en
72,1238822407273668608,138555235,2020-03-14T13:40:52Z,MiddxMinxx,"@DrTedros PLEASE HELP US --- THE UK GOVT IS REFUSING TO DO ANY OF THE 4 ACTIONS YOU'RE TELLING THE WORLD TO DO.
THE UK GOVT WILL KILL US ‚ò†Ô∏è AND ENSURE THE VIRUS KEEPS SPREADING. PLEASE PUBLICLY TELL THE UK GOVT TO TEST AND BAN EVENTS NOW. #coronavirus #COVID19
https://t.co/asAljp03ft",Twitter Web App,1.2387449984321618e+18,189868631.0,DrTedros,True,False,22360,4,,,,331,96,,2010-04-29T22:04:14Z,False,en
73,1238844670366453763,520992200,2020-03-14T15:09:20Z,untitledcatalog,Things to do during #coronavirusstaycation #coronavirus #CoronaVirusUpdates https://t.co/wH2oXGgqq3,Twitter for iPad,,,,False,False,1716,1,,,,161,487,,2012-03-11T04:07:56Z,False,en
74,1238634204189069312,304123273,2020-03-14T01:13:01Z,ArchKennedy,"Do you think the #coronavirus was by accident? 

.@RayBellSD doesn't think so and discusses how the virus has changed the playing field in the Presidential election.

#Covid_19 #FreeThink 
https://t.co/72hHyWGD2R",Twitter Web App,,,,False,False,50767,100,,,,54190,46851,,2011-05-24T00:00:30Z,False,en
75,1238960137529933824,18945922,2020-03-14T22:48:10Z,GeorgMir,"Yes, you should be angry. #Trump #COVID19 

https://t.co/qdZ1TjlBL7",Twitter for iPhone,,,,False,False,78997,0,,,,3917,4457,,2009-01-13T17:55:17Z,False,en
76,1238836044230995969,15243636,2020-03-14T14:35:04Z,rustnutrition,"It's good to know that doctors know SO much more about viruses than they did a century ago.

Also, it's great to know that we have excellent people in place in organizations like the CDC and Food Industry. @FMI_ORG
 https://t.co/Ujp5aJfSiN #COVID19",Hootsuite Inc.,,,,False,False,13156,0,,,,8788,3164,,2008-06-26T13:00:54Z,False,en
77,1238822391805067265,1080929976797384704,2020-03-14T13:40:49Z,PaulaMariaAussi,#Coronavirus is shutting down American life as states try to battle outbreak https://t.co/mVf5dTc8TX,Twitter for iPhone,,,,False,False,4239,0,,,,52,194,,2019-01-03T20:52:43Z,False,en
78,1238789493852962816,111382943,2020-03-14T11:30:05Z,alcona23,"Even the woke PM of New Zealand gets it, but our peoplekind PM still doesnt.

Criminally incompetent or deliberate sabotage- which is it?

""Coronavirus: New Zealand issues self-isolation for international arrivals"" #Coronavirus https://t.co/v1uqMuD3mI",Twitter for Android,,,,False,False,16598,1,,,,852,1334,,2010-02-04T18:45:31Z,False,en
79,1238832456842629123,40240160,2020-03-14T14:20:48Z,inklingfair,"Reading bad news every time I check my social feeds has been draining, so today I'm starting a thread to remind myself of my/our family's little wins during the #COVID19 #quarantine.",Twitter Web App,,,,False,False,226,0,,,,259,392,,2009-05-15T13:34:29Z,False,en
80,1238920256388599808,748209579746435072,2020-03-14T20:09:41Z,aHEMandias,"So now we have test kits, but there‚Äôs a global shortage of nasal swabs.üôÑ
‚Äî #COVID19
@RadChick4Cast @turnbolt11 @Rojosgardening @fukushimaexpos2 @KVitalone @Gjallarhornet @DTRH_Popeye @Cara_TXZEAL @5afe_ https://t.co/MO9rr7stUO",Twitter for iPhone,,,,True,False,18249,6,,,,572,523,,2016-06-29T17:40:39Z,False,en
81,1238699646538649602,916084198590631937,2020-03-14T05:33:04Z,bustercrabbe7,"AT first I thought it said ""....from early on, you took devious action"" which would have been closer to the #truth #TrumpPressConference #COVID19 #TrumpVirus @cathycrabbe1 https://t.co/G0tx3ssKll",Twitter Web App,,,,True,False,6714,0,,,,109,101,,2017-10-05T23:34:27Z,False,en
82,1238816815326863362,2848660576,2020-03-14T13:18:39Z,tillyardmgmt,We‚Äôll be there. Thank you @BOMA_CAN #coronavirus https://t.co/kHYTkP1lOS,Twitter for iPhone,,,,True,False,433,0,,,,99,177,,2014-10-28T18:51:31Z,False,en
83,1238783743151738881,287688745,2020-03-14T11:07:14Z,NiagRegPolice,"Our districts remain open to the public while we monitor concerns regarding #COVID19 

Out of consideration for the health and safety of our members please consider calling or utalizing online options to report a crime or apply for a background check

https://t.co/ZwEafsVZ0x https://t.co/CmH9SAlZ10",Twitter for iPhone,,,,False,False,1717,4,,,,29093,587,,2011-04-25T13:57:26Z,True,en
84,1238800993573371905,20324329,2020-03-14T12:15:47Z,allaboutclait,"Latest timelapse of the spread of coronavirus Covid-19 to 13 March 2020
https://t.co/RAzTwY6oRZ #CoronaVirusUpdates #COVID19",Twitter for Android,,,,False,False,4577,0,,,,1875,4120,,2009-02-07T18:25:28Z,False,en
85,1238818104622428160,918828378,2020-03-14T13:23:46Z,NewTRNewsAgency,"The Gulf emirate of Abu Dhabi closed all tourist attractions, including its branch of famed Paris museum the 
@LouvreAbuDhabi
, from Saturday until March 31 as a precaution against #coronavirus #UAE #COVID„Éº19 https://t.co/JfaKxiotxy",Twitter Web App,,,,False,False,752,0,,,,391,4,,2012-11-01T11:44:35Z,False,en
86,1238737253951844352,874571502,2020-03-14T08:02:30Z,FirouzMahvi,"#IRAN : MORE THAN 4,000 #Coronavirus FATALITIES IN 166 CITIES
#irancorona #Covid_19 

More info: https://t.co/uqq2kDz5zC https://t.co/K5qDQQfH9q",Twitter Web App,,,,False,False,6218,17,,,,7003,192,,2012-10-12T00:10:15Z,False,en
87,1238796724136751110,2541595493,2020-03-14T11:58:49Z,YourStyle_Fit,Wow what a busy morning as we shift online to support our community ... we are stronger together @ThriveLDN @RAFarmersMkt @RARE_explore  #cornoravirusuk #coronavirus  click to join online for #free https://t.co/BXFs4A4uAA https://t.co/E9h2ciXGWs,Twitter for iPhone,,,,False,False,440,0,GB,"London, England",admin,271,451,,2014-05-11T19:41:17Z,False,en
88,1238851951816847360,1080462260450066432,2020-03-14T15:38:16Z,seam_stressed,"We just got tested for #covid19 just to be sure and the lady came in ""civilian"" clothing,  took the elevator with us, then proceeded to put a full hazmat suit in the hall before entering the apartment... erm... what? https://t.co/CdSUD2GVpH",Twitter for Android,,,,False,False,1303,1,,,,50,104,,2019-01-02T13:54:11Z,False,en
89,1238970416233881611,15789387,2020-03-14T23:29:00Z,primitive_type,"Hey #IllinoisPrimary voters, @BernieSanders is hosting a fireside chat in the tradition of FDR tonight at 6:30pm. Tune in here: https://t.co/dZMYHxwgSd

#twill #COVID„Éº19 #COVID19 #FlattenTheCurve #MedicareForAll #Medicare4All",Twitter Web App,,,,False,False,2334,0,,,,468,385,,2008-08-09T14:42:10Z,False,en
90,1238871998459191301,20699651,2020-03-14T16:57:56Z,herobelfast,"@Tracey_utv Herd Immunity more voices

We don‚Äôt know evidence on which Govt has made decision
-Helen Ward Prof Public Health Imperial College

We need action
-Dr Margaret Harris WHO

Will Govt approach work? I‚Äôm not sure
-Roy Anderson Prof Infectious Disease Imperial College

#COVID19",Twitter for Android,1.2388713164276122e+18,20699651.0,herobelfast,False,False,15543,0,,,,6132,693,,2009-02-12T18:16:40Z,False,en
91,1238892871064981507,55260302,2020-03-14T18:20:52Z,TrishLowrey,Wash your hands!! #coronavirus #StopTheSpread  https://t.co/3IJhoheEae,Twitter for iPhone,,,,False,False,6139,0,,,,367,226,,2009-07-09T15:05:56Z,False,en
92,1238880869210824708,3223563282,2020-03-14T17:33:11Z,Emanuelle248,Mood #coronavirus https://t.co/WA0CZ1BXfy,Twitter for Android,,,,False,False,21935,0,,,,141,347,,2015-05-22T19:30:39Z,False,en
93,1238814413098045442,334106573,2020-03-14T13:09:06Z,KateAmeliaReed,Very surprised that @bathhalf is still going ahead tomorrow. Shame the race couldn‚Äôt be rescheduled for a later date to reduce the risk of spreading #coronavirus particularly to vulnerable people &amp; more at risk groups. üò¢ https://t.co/C6WycNstCT,Twitter for iPhone,,,,False,False,6660,2,,,,536,433,,2011-07-12T15:52:59Z,False,en
94,1238848103089922051,389113661,2020-03-14T15:22:59Z,mostynmithering,"Our vile govt's response to #coronavirus has been hugely inadequate and purposely so. They see this as a cull like their other policies. It's survival of the fittest, reducing the burden on the state. Then boom, their big pharma friends will arrive with a vaccine #quidsin",Twitter for Android,,,,False,False,1442,0,,,,411,612,,2011-10-11T21:46:54Z,False,en
95,1238861954216800257,1013603930629197824,2020-03-14T16:18:01Z,ZystraA,@realDonaldTrump #CoronaVirusUpdates #Covid_19 Trump thinks this is #outbreak and he‚Äôs running around @WhiteHouse screaming ‚ÄúI‚Äôm Dustin Hoffman!! ‚Äú and searching frantically for the monkey üêíüò∑ ü¶† #TrumpIsTheWORSTPresidentEVER https://t.co/uHOXdhaJUq,Twitter for iPhone,1.2388567878241649e+18,25073877.0,realDonaldTrump,False,False,12383,0,,,,168,501,,2018-07-02T02:03:03Z,False,en
96,1238788515107753986,1129737385837715456,2020-03-14T11:26:12Z,MjaVinod,"#WuhanCoronavius is to be called as such
NOT
#NovelCoronavirus or #CoronaVirus or #Corona
It is made in #China let's call spade ‚ô†Ô∏èa spade
@republic @TimesNow @BBCWorld @cnn @MEAIndia @HMOIndia @WHO",Twitter for iPhone,,,,False,False,2210,6,,,,1700,490,,2019-05-18T13:15:57Z,False,en
97,1238854308201779205,2262532860,2020-03-14T15:47:38Z,NewsMobileIndia,"Deepak Jain, #SupremeCourt's Registrar (Administration): All cafeterias including the Departmental Canteen, are being advised to remain closed until further orders. #coronavirus",TweetDeck,,,,False,False,3497,0,,,,13456,87,,2013-12-26T08:20:23Z,True,en
98,1238964145770414080,360721656,2020-03-14T23:04:05Z,Paris_by_Elodie,"Update: the @CFontainebleau is now closed until further notice.
#covid19",Twitter for iPhone,1.2387281724657213e+18,360721656.0,Paris_by_Elodie,False,False,2823,0,,,,5413,1632,,2011-08-23T17:19:24Z,False,en
99,1238779015328149505,19555784,2020-03-14T10:48:27Z,percypercy,What sums up being British the most in times of trouble? Shops Running out of #pgtips and sugar. Have a brew and carry on! #coronavirus,Twitter for Android,,,,False,False,255,0,,,,207,449,,2009-01-26T20:37:42Z,False,en
100,1238661152579522560,104099417,2020-03-14T03:00:06Z,yardleywong,USA is gonna hit hard when looking at the trend below comparing with Italy forecast. Pray for America üôèüèªüôèüèªüôèüèª #Covid_19 #covid19us https://t.co/L3E4F12F6L,Twitter for iPhone,,,,False,False,4730,5,,,,3980,466,,2010-01-12T07:31:27Z,False,en
101,1238897959695237120,199805985,2020-03-14T18:41:05Z,britishbullybee,Does anyone know anyone with #coronavirus?,Twitter for Android,,,,False,False,207142,5,,,,85683,81959,,2010-10-07T19:31:52Z,False,en
102,1238838004006993921,16217685,2020-03-14T14:42:51Z,AxelBuhrmann,"JUST IN: Health Minister Dr Zweli Mkhize has confirmed 14 new #CoronaVirus infections in South Africa, taking the tally to 38. On Friday, there had been 24 confirmed cases in SA. 
Story to follow on https://t.co/fq62ireBrj",Twitter for Android,,,,False,False,382,0,,,,7994,6967,,2008-09-10T06:41:04Z,False,en
103,1238851518024966144,3241915819,2020-03-14T15:36:33Z,ProHossenfeffer,"I just want to thank the @SenateGOP @senatemajldr forvtsking nuch needed long weekend while were dealing with a pandemic!  You‚Äôre great #Americans! 

#WheresTheGOP
#WheredYaGoMoscowMitch
#MoscowMitch
#coronavirus 
#COVID„Éº19 https://t.co/lUR1prBEh7",Twitter for iPhone,,,,False,False,11274,0,,,,240,49,,2015-06-11T02:40:16Z,False,en
104,1238919337722945538,15149897,2020-03-14T20:06:02Z,dwyvill,I‚Äôm hearing of sensible people now comparing this to a war . It‚Äôs not a war in combat terms as that takes our youngest and best not our weakest and oldest however the fall out could be very similar unless we all keep calm and think of our fellow people #CoronavirusPandemic,Twitter for iPhone,,,,False,False,337,1,GB,"Yorkshire and The Humber, England",admin,758,1762,,2008-06-17T20:15:02Z,False,en
105,1238796863387598849,1570768716,2020-03-14T11:59:22Z,infomotiveUK,A #coronavirus must read https://t.co/wKp65tHxUq,Twitter Web App,,,,True,False,1199,0,,,,1563,2534,,2013-07-05T15:51:06Z,False,en
106,1238877078826684417,1004045617599901697,2020-03-14T17:18:07Z,el_gabbi,"Bruh out here tryna take us out.

#Coronavirusupdates #covid19 #coronavirus #covid19 #COVID19TORONTO #covid19ontario #saturdaythoughts #coronaUK #covid19sa #coronainKenya #Sundaythoughts https://t.co/PmKWDLkRtO",Twitter for Android,,,,False,False,1151,2,,,,362,24,,2018-06-05T17:01:44Z,False,en
107,1238831867438268416,43422204,2020-03-14T14:18:28Z,DanLangshawNR,"Any #NorthRoyalton #Ward3 Residents Impacted by #COVID19 Response Measures being implemented that needs some assistance with food, supplies, and other basic needs. https://t.co/umzW0sMX7b",Twitter for iPhone,,,,False,False,1555,0,,,,920,2532,,2009-05-29T22:16:09Z,False,en
108,1238764278817136642,2976824781,2020-03-14T09:49:53Z,NRT_English,"Iraqi officials announce coronavirus death in Wasit, two new cases in Baghdad

https://t.co/Q2XMpVr7BQ #NRTnews #Iraq #Wasit #Baghdad #Coronavirus https://t.co/QdOMT3KXc2",TweetDeck,,,,False,False,155,0,,,,44744,598,,2015-01-13T18:19:11Z,True,en
109,1238800796076118016,736959895178776576,2020-03-14T12:15:00Z,drikiris,"I don't know why, but watching this makes me even more sad. I wished no one had to go through this.

#COVID19 https://t.co/QWpY9yJHH1",Twitter for Android,,,,True,False,656,0,,,,8,208,,2016-05-29T16:38:25Z,False,en
110,1238804829591539712,31252437,2020-03-14T12:31:01Z,jsjallen,"So, are we sure you‚Äôre immune once you‚Äôve had it? Becuase if you can get it again, that kind of screws ‚ÄòHerd immunity‚Äô doesn‚Äôt it. Any doctors reading this? #coronaUK #coronavirusuk #coronavirus",Twitter for iPhone,,,,False,False,2852,0,,,,1331,1525,,2009-04-14T22:46:23Z,False,en
111,1238854068002488321,75021261,2020-03-14T15:46:41Z,TarrantCMS,Updates: What to Know About #Coronavirus in North Texas https://t.co/gvbvUSHiOj #COVID19,Twitter Web Client,,,,False,False,136,0,,,,492,184,,2009-09-17T14:13:43Z,False,en
112,1238834753937104896,3028902692,2020-03-14T14:29:56Z,Pastapharian700,You may get to see him soon then. #coronavirus #DarwinAwards https://t.co/80doVhwIF3,Twitter for iPad,,,,True,False,36824,0,,,,603,590,,2015-02-19T06:39:49Z,False,en
113,1238913105490567170,23814591,2020-03-14T19:41:16Z,JayGavejian,"My colleague, Tyler White, recently discussed the potential implications of #COVID19 on workforces. Read his full comments on how businesses can best respond to workers' concerns at the link below. #WorkplaceSafety #Coronavirus https://t.co/D5r0dtwiik","Clearview Social, Inc.",,,,False,False,136,1,,,,80,242,,2009-03-11T19:37:59Z,False,en
114,1238891796119379968,2320968638,2020-03-14T18:16:36Z,ErikaHamilton9,@tmprowell You‚Äôre not. And this why - Each day that we are proactive and make a change...it matters.  People infected today translates to a significant difference weeks from now. #COVID19 https://t.co/pGiQ5DTRie,Twitter for iPhone,1.238890841336406e+18,86970530.0,tmprowell,False,False,4661,1,,,,2356,888,,2014-01-31T15:33:55Z,False,en
115,1238883902917394433,1204706071350251520,2020-03-14T17:45:14Z,EngrQadeerAhme3,"Red Salute Sindh Government for your great efforts regarding #CoronavirusPandemic 
You have defeated federal government and we are satisfy with your efforts and hope we recover from this virus soon ‚úåÔ∏è‚úåÔ∏è‚úåÔ∏è
@CM_Sindh @SindhCMHouse @MuradAliShahPPP @SindhHealthDpt @AzraPechuho",Twitter for Android,,,,False,False,8583,0,PK,"Sindh, Pakistan",admin,1044,5001,,2019-12-11T10:15:01Z,False,en
116,1238856649852542978,3017844726,2020-03-14T15:56:56Z,SpiderElla27,Did other #countries end up with people fighting over toilet paper &amp; other dumb shit due to this #coronavirus or is it just ours? Either way STOP BEING DICKS &amp; STOP HITTING EACH OTHER WITH WINE BOTTLES YALL ARE A BUNCH OF TODDLER'S!!!! #spreadlovenothate #USA #news #corona,Twitter for Android,,,,False,False,5845,0,,,,242,1249,,2015-02-13T01:05:08Z,False,en
117,1238948161982472202,940293029277159424,2020-03-14T22:00:35Z,PL_Perspectives,LOT Polish airlines organizing flights for #Polish nationals wishing to return to #Poland during the #CoronavirusPandemic. #Lockdown #Quarantine #QuarantineAndChill https://t.co/YRqKAnhWkS,Twitter Web App,,,,True,False,4386,2,,,,10177,214,,2017-12-11T18:51:42Z,False,en
118,1238866764441751553,1153965901974265856,2020-03-14T16:37:08Z,Haifaa912020,"We had seen the effect of another virus on the #GazaStrip, the Israeli blockade, 14 years ago

#CoronaVirusUpdats
#COVID19

https://t.co/o8YafbbvMn",TweetDeck,,,,False,False,236,0,,,,428,1098,,2019-07-24T09:51:25Z,False,en
119,1238814377446232068,4445955136,2020-03-14T13:08:58Z,Anandraje29,"Maharashtra govt: All schools in urban areas of Maharashtra (all govt &amp; pvt schools in jurisdiction of Nagar Panchayat, Nagar Palika, Mahanagar palika) to remain closed till 31st March. Only exams for class 10th, 12th, &amp; University exams will be held as per schedule #coronavirus",Twitter Web App,,,,False,False,20807,1,,,,181,981,,2015-12-11T07:05:16Z,False,en
120,1238930777292918790,1234491197940432898,2020-03-14T20:51:30Z,GoodfellaMedia,WORLD SPORTS NEWS: Nevada State Athletic Commission has suspended all major combat sporting events indefinitely as the risk of coronavirus increases according to recent reports. #news #sport #world #worldwide #CoronaVirusUpdates #coronavirus #COVID„Éº19 #Covid_19 #ufc #boxing,Twitter for iPhone,,,,False,False,95,0,,,,13,735,,2020-03-02T14:50:22Z,False,en
121,1238812230755508228,845676011438166018,2020-03-14T13:00:26Z,HealthyTosa,"If you think you've been exposed to COVID-19, call your healthcare provider before going to the doctor or ER. Many healthcare providers can answer questions over the phone or schedule a time for you to get screened. #COVID19 #coronavirus",Hootsuite Inc.,,,,False,False,31,2,,,,256,111,,2017-03-25T16:37:27Z,False,en
122,1238807710885429248,286916564,2020-03-14T12:42:28Z,LeeleeBeeGood,"@realDonaldTrump @senatemajldr @GOP hey, thanks for turning the US into a Third World country. Great job! #COVID„Éº19 #coronavirus #UnfitToBePresident #UnfitForOffice #MoscowMitch #CoronavirusUSA https://t.co/GrVN6kjYvf",Twitter for iPhone,,25073877.0,realDonaldTrump,True,False,23493,0,,,,99,351,,2011-04-23T23:43:47Z,False,en
123,1238846172246290432,1367344760,2020-03-14T15:15:18Z,ClioCadence,Thinking about getting this shot...#coronavirus https://t.co/aWwzL8qaQ4,Twitter for iPhone,,,,False,False,7756,0,,,,2815,2098,,2013-04-20T15:42:13Z,False,en
124,1238765793179045888,1235149385824075776,2020-03-14T09:55:54Z,DiversityJoys,"Why Italy?...#coronavirus 
?
https://t.co/t1NCT3c8pV",Twitter Web App,,,,False,False,526,0,,,,65,201,,2020-03-04T10:25:55Z,False,en
125,1238891530708025346,2717026779,2020-03-14T18:15:33Z,ManishPunjabi14,"#COVID19  causing travel bans on foreigners. Anybody thinking of seafarers stuck on ships who bring goods 2 your stores' shelves? 
What abt their families?
Why seafarers r being stranded?
Issue special status 2 Seafarers 4 travel on/off duty #NarendraModi  #MUI #WHO #WorldEconomy",Twitter for Android,,,,False,False,208,0,,,,4,34,,2014-07-18T20:03:13Z,False,en
126,1238793115088982016,2161781628,2020-03-14T11:44:28Z,rha011897,"Can't believe how our company responded to #COVID19. 6 days working days this coming April. Business as usual. We took a survey if it is possible to work from home. And now, they have decided to continue our operations and we'll only have 1 day off. How caring. #HelloVirus",Twitter for Android,,,,False,False,1284,0,,,,177,102,,2013-10-28T23:27:01Z,False,en
127,1238892708510515201,4151759238,2020-03-14T18:20:13Z,DerrickGordon09,First of all #California need to clean up that damn State people shitting and urinating anywhere they want #coronavirus #COVID19,Twitter for Android,,,,False,False,5662,0,,,,384,570,,2015-11-07T01:10:42Z,False,en
128,1238838363932647424,1057148786189824000,2020-03-14T14:44:17Z,TPE_connect,"Coronavirus patient flees isolation, boards flight to travel 1,931 km to celebrate Holi #India #Coronavirus #CoronavirusIndia  #CoronaVirusUpdates #COVID19 #COVID„Éº19 #Covid_19 #CoronaOutbreak #Coronavid19 https://t.co/YvajlPDvxt",TweetDeck,,,,False,False,4094,0,,,,690,111,,2018-10-30T05:54:46Z,False,en
129,1238841530141597697,141366736,2020-03-14T14:56:52Z,teebirdNC,@JeffJacksonNC My question is how are we supposed to know if we have been in contact with anyone who is infected? I have been to Costco and Trader Joe's several times since the 7th case was reported. For all I know I came in contact with #coronavirus already!,Twitter for Android,1.238811860616577e+18,124820305.0,JeffJacksonNC,False,False,1225,0,,,,163,103,,2010-05-07T22:32:30Z,False,en
130,1238893167900086274,262574953,2020-03-14T18:22:03Z,fibdax,"This happens in Italy. I am proud that children, young people, adults and old people are protected. will teach this virus to select future rulers? #coronarvirusitalia #coronavirus  #CoronaVirusitaly #CoronaVirusDE #coronavirusitalIa #Coronavid19 #COVID19 #COVID„Éº19 https://t.co/wnFrTPxYou",Twitter Web App,,,,True,False,126,0,,,,299,475,,2011-03-08T09:29:51Z,False,en
131,1238817197327372291,917686361854967808,2020-03-14T13:20:10Z,ksh_safety,Important links to accurate and up to date information on #Coronavirus #covid19 https://t.co/LyHPalRHyS #merseyhour https://t.co/CO15s4hRVc,Crowdfire App,,,,False,False,7974,2,,,,1402,3767,,2017-10-10T09:40:53Z,False,en
132,1238784516300386306,74957604,2020-03-14T11:10:18Z,sanamurrani,Did I mention that I just bought a #tambourine ! #Covid_19 prep,Twitter for iPhone,,,,False,False,5179,0,,,,706,871,,2009-09-17T07:23:25Z,False,en
133,1238870948947902464,1199393305647308800,2020-03-14T16:53:45Z,312LukeB,#Chicago does not look like a city that cares about #COVID19 today. The Irish do not give a shit.,Twitter for iPhone,,,,False,False,569,2,,,,66,326,,2019-11-26T18:23:54Z,False,en
134,1238661099169464320,760213765,2020-03-14T02:59:53Z,benjaminn86,Do you reckon @ReadingCouncil will help the people with a ban on council tax in this uncertain time. #bancounciltax #coronaUK #coronavirus #Covid_19 #helpthepeople,Twitter for Android,,,,False,False,1501,0,,,,315,380,,2012-08-15T21:35:09Z,False,en
135,1238689908845207552,193042922,2020-03-14T04:54:22Z,kyodo_english,"Latest from Japan and beyond on the #coronavirus outbreak

* Trump declares coronavirus a national emergency, offers $50 bil.

* G-7 leaders to hold videoconference Monday on coronavirus: Macron

‚ÜìFor more on #COVID19‚Üì
https://t.co/0qmHlo5xs9 https://t.co/jSfnlKpNRK",TweetDeck,,,,False,False,23,0,,,,11370,161,,2010-09-20T20:44:13Z,True,en
136,1238777250096599040,20062160,2020-03-14T10:41:26Z,linnetelwin,"On #privacy and #coronavirus: we shouldn‚Äôt resist the use of tech to track, predict, make people aware, help those most at risk. We *should* fight to keep its impacts and benefits equal for everyone, we should resist its normalisation and we should demand its reversibility.",Twitter Web App,,,,False,False,1351,39,,,,2229,311,,2009-02-04T15:42:47Z,False,en
137,1238859336333570048,25380458,2020-03-14T16:07:37Z,718bk,Had this sent to me earlier. Can anyone verify this???#CoronaVirusUpdates #Covid_19 #covid19 #pandemic #NationalEmergency https://t.co/i6YpMXMbBa,Twitter for iPhone,,,,False,False,1323,0,,,,142,306,,2009-03-19T20:40:58Z,False,en
138,1238916913406885890,20386888,2020-03-14T19:56:24Z,norrthpier,"@ChrisDJackson @JoeBiden Neither #Trump nor @TeamTrump are good at math.

Check Trump leaving W.H.O. testing kits to the wayside for nearly TWO MONTHS to ""keep the numbers low"" because he was too ignorant to understand that ""the numbers"" would go up as infection spread w/o detection. 

#COVID19",Twitter Web App,1.2388292833778442e+18,20640982.0,ChrisDJackson,False,False,63923,0,,,,3760,3759,,2009-02-08T19:36:33Z,False,en
139,1238812546662051840,21100512,2020-03-14T13:01:41Z,antonquasimodo,"@TheNotoriousNIK From my local pharmacy #coronavirus #toiletpapercrisis I actually overheard this several years ago, but it‚Äôs always stayed with me, kind of like that little piece of shit that dangles when you can‚Äôt find toilet paper. #getwell https://t.co/Uc2eCyqkB5",Twitter for iPad,1.238542175782273e+18,498494887.0,TheNotoriousNIK,False,False,6694,0,US,"Olathe, KS",city,120,296,,2009-02-17T16:03:49Z,False,en
140,1238827472101298176,20524105,2020-03-14T14:01:00Z,NJBIZ,#Hospitals and health systems across #NewJersey are taking steps to limit the spread of the #COVID19  https://t.co/q1sQ2jhlbJ #NJHospitals,TweetDeck,,,,False,False,20762,0,,,,18611,1155,,2009-02-10T16:34:32Z,False,en
141,1238849872834551808,1202683638308950017,2020-03-14T15:30:01Z,OpenAcademics,"Any potential profit from this sticker (find it at: https://t.co/DGwUpaBkvL) will be donated to the ""COVID-19 Solidarity Response Fundraiser for WHO with $10 Million Match"" (https://t.co/xj95MiOgF6).

#AcademicTwitter #StrongerTogether #coronavirus #Covid_19 #COVID„Éº19 #COVID https://t.co/sQeSBjnxrG",Twitter Web App,,,,True,False,6166,5,,,,7442,5862,,2019-12-05T20:18:24Z,False,en
142,1238863041762144256,424955738,2020-03-14T16:22:20Z,djsparke29,"What kind of person votes against a bill to protect their people from the #CoronaVirus. Imagine living in a country where the people sworn in to look after you commit this Unforgivable act. It should be dealt with as a crime against humanity!  #JimJordanResign
#CoronaOutbreak https://t.co/4VOReNltN2",Twitter for Android,,,,True,False,7873,0,,,,117,804,,2011-11-30T11:18:41Z,False,en
143,1238854930821193733,101888270,2020-03-14T15:50:06Z,risingstar786,"@PeterStefanovi2 
Boris should  lockdown the country so spread of the virus can be stopped and loved ones can be protected instead he is saying many families will lose loved ones because of virus #coronaUK #COVID_19uk #CoronavirusPandemic #lockdownUK",Twitter Web App,,2441666255.0,PeterStefanovi2,False,False,3,0,,,,1,5,,2010-01-04T23:08:14Z,False,en
144,1238846701844209666,1215782873422336006,2020-03-14T15:17:25Z,anoudta_,"The way to stop Covid-19 is for the world to stay home for two weeks. Global cooperation for once. If everybody does it, no one will lose their jobs and more importantly their LIVES. Two weeks is all the world needs #worldstayhome #coronavirus",Twitter for iPhone,,,,False,False,26,2,,,,16,96,,2020-01-10T23:50:07Z,False,en
145,1238816877939511296,20394120,2020-03-14T13:18:54Z,createwithtime,Exclusive: Zoom CEO Eric Yuan Is Giving K-12 Schools His Videoconferencing Tools For Free #coronavirus #COVID„Éº19  https://t.co/CafhHFNsjm,Twitter for iPhone,,,,False,False,828,0,,,,409,3552,,2009-02-08T21:27:02Z,False,en
146,1238671271552061440,337705201,2020-03-14T03:40:19Z,Amnesty_UA,Stay safe and be respectful to each other. #COVID19 #coronavirus üåç,Twitter for iPhone,,,,False,False,758,1,,,,2058,427,,2011-07-18T13:12:41Z,False,en
147,1238890133912317952,1212720702630981632,2020-03-14T18:10:00Z,LVlocals,"The fast food you ordered was more than likely prepared by someone without health insurance. 

#coronavirus",Twitter for iPhone,,,,False,False,26,0,,,,20,37,,2020-01-02T13:02:11Z,False,en
148,1238764006678179842,825007212795936768,2020-03-14T09:48:48Z,limaecho236,"Kudos @Trevornoah well said, and that‚Äôs true for all leaders right now. Don‚Äôt panic, put the things in perspective, do the right thing #LeadershipMatters #likepilots #avgeeks #coronavirus #FlattenTheCurve https://t.co/x1Etzu7LLY",Twitter for iPhone,,,,True,False,771,0,,,,44,191,,2017-01-27T15:47:02Z,False,en
149,1238870281197936640,64643056,2020-03-14T16:51:06Z,RT_com,"US to suspend all travel to UK &amp; Ireland over #coronavirus from Monday night ‚Äì VP Pence 

MORE https://t.co/DJqDpsirkH https://t.co/jmpxun9T7T",TweetDeck,,,,False,False,940,47,,,,3070027,638,,2009-08-11T06:12:45Z,True,en
150,1238788817433354242,222802778,2020-03-14T11:27:24Z,davidayres_,I've been in a shop for 2 minutes and already people are coughing #coronavirus #coronapocalypse,Twitter for Android,,,,False,False,2041,0,,,,441,2735,,2010-12-04T14:10:09Z,False,en
151,1238808503076057089,807468903412547584,2020-03-14T12:45:37Z,notintownlive,"Indonesia reports 27 new COVID-19 cases, bringing total to 96 | NotInTown https://t.co/jBQcoGscHW #Indonesia   #COVID19   #Coronavirus",Twitter Web Client,,,,False,False,8,0,,,,4340,441,,2016-12-10T06:16:03Z,False,en
152,1238837127225307136,37907293,2020-03-14T14:39:22Z,ginthegin,"To America‚Äôs caring medical professionals, we appreciate your dedicated contributions to our healthcare as you try to stay one step ahead of this #COVID19  üôèüèº Praying for your physical &amp; mental health, stamina, &amp; your families who are sharing you with us. Thank You !",Twitter for iPhone,,,,False,False,55987,7,,,,3062,1525,,2009-05-05T11:51:23Z,False,en
153,1238787547972677637,1068969540,2020-03-14T11:22:21Z,MushatsiPeter,"Once virus hits #Mozambique (if not yet, and these guys prefere to hide it) we all gonna die #coronavirus",Twitter for iPhone,,,,False,False,1693,0,MZ,Republic of Mozambique,country,298,1236,,2013-01-07T18:42:17Z,False,en
154,1238891950171992070,55939628,2020-03-14T18:17:13Z,GoBobbo,.@Allegheny_Co does not know how many #COVID19 tests are pending in the county. How?!,Twitter for iPhone,1.238891780822745e+18,55939628.0,GoBobbo,False,False,87750,1,,,,2998,5002,,2009-07-11T21:49:01Z,False,en
